INSERT INTO `projectnest_database`.`myapp_user`
(`user_id`,`name`,`email`,`password`,`role`,`image_url`,`create_at`,`update_at`)
VALUES
('112hsr001','Trailblazer','t112hsr001@ntut.org.tw','pbkdf2_sha256$1000000$DGddN5sYTcYsaw8EakEYoA$w3ePvDTHCYmhY2nePIm6yI9N16rsE/PteqAQZhnzQfw=','student','https://api.hakush.in/hsr/UI/avatarshopicon/8002.webp','2023-04-26 08:00:00','2023-04-26 08:00:00'),
('112hsr002','Bailu','t112hsr002@ntut.org.tw','pbkdf2_sha256$1000000$DGddN5sYTcYsaw8EakEYoA$w3ePvDTHCYmhY2nePIm6yI9N16rsE/PteqAQZhnzQfw=','professor','https://api.hakush.in/hsr/UI/avatarshopicon/1211.webp','2023-04-26 00:00:00','2023-04-26 00:00:00'),
('112hsr003','Yanqing','t112hsr003@ntut.org.tw','pbkdf2_sha256$1000000$DGddN5sYTcYsaw8EakEYoA$w3ePvDTHCYmhY2nePIm6yI9N16rsE/PteqAQZhnzQfw=','student','https://api.hakush.in/hsr/UI/avatarshopicon/1209.webp','2023-04-26 00:00:00','2023-04-26 00:00:00'),
('112hsr004','Sushang','t112hsr004@ntut.org.tw','pbkdf2_sha256$1000000$DGddN5sYTcYsaw8EakEYoA$w3ePvDTHCYmhY2nePIm6yI9N16rsE/PteqAQZhnzQfw=','student','https://api.hakush.in/hsr/UI/avatarshopicon/1206.webp','2023-04-26 00:00:00','2023-04-26 00:00:00'),
('112hsr005','Tingyun','t112hsr005@ntut.org.tw','pbkdf2_sha256$1000000$DGddN5sYTcYsaw8EakEYoA$w3ePvDTHCYmhY2nePIm6yI9N16rsE/PteqAQZhnzQfw=','professor','https://api.hakush.in/hsr/UI/avatarshopicon/1202.webp','2023-04-26 00:00:00','2023-04-26 00:00:00'),
('112hsr006','Qingque','t112hsr006@ntut.org.tw','pbkdf2_sha256$1000000$DGddN5sYTcYsaw8EakEYoA$w3ePvDTHCYmhY2nePIm6yI9N16rsE/PteqAQZhnzQfw=','student','https://api.hakush.in/hsr/UI/avatarshopicon/1201.webp','2023-04-26 00:00:00','2023-04-26 00:00:00'),
('112hsr007','Hook','t112hsr007@ntut.org.tw','pbkdf2_sha256$1000000$DGddN5sYTcYsaw8EakEYoA$w3ePvDTHCYmhY2nePIm6yI9N16rsE/PteqAQZhnzQfw=','student','https://api.hakush.in/hsr/UI/avatarshopicon/1109.webp','2023-04-26 00:00:00','2023-04-26 00:00:00'),
('112hsr008','Sampo','t112hsr008@ntut.org.tw','pbkdf2_sha256$1000000$DGddN5sYTcYsaw8EakEYoA$w3ePvDTHCYmhY2nePIm6yI9N16rsE/PteqAQZhnzQfw=','student','https://api.hakush.in/hsr/UI/avatarshopicon/1108.webp','2023-04-26 00:00:00','2023-04-26 00:00:00'),
('112hsr009','Clara','t112hsr009@ntut.org.tw','pbkdf2_sha256$1000000$DGddN5sYTcYsaw8EakEYoA$w3ePvDTHCYmhY2nePIm6yI9N16rsE/PteqAQZhnzQfw=','professor','https://api.hakush.in/hsr/UI/avatarshopicon/1107.webp','2023-04-26 00:00:00','2023-04-26 00:00:00'),
('112hsr010','Pela','t112hsr010@ntut.org.tw','pbkdf2_sha256$1000000$DGddN5sYTcYsaw8EakEYoA$w3ePvDTHCYmhY2nePIm6yI9N16rsE/PteqAQZhnzQfw=','student','https://api.hakush.in/hsr/UI/avatarshopicon/1106.webp','2023-04-26 00:00:00','2023-04-26 00:00:00'),
('112hsr011','Natasha','t112hsr011@ntut.org.tw','pbkdf2_sha256$1000000$DGddN5sYTcYsaw8EakEYoA$w3ePvDTHCYmhY2nePIm6yI9N16rsE/PteqAQZhnzQfw=','student','https://api.hakush.in/hsr/UI/avatarshopicon/1105.webp','2023-04-26 00:00:00','2023-04-26 00:00:00'),
('112hsr012','Gepard','t112hsr012@ntut.org.tw','pbkdf2_sha256$1000000$DGddN5sYTcYsaw8EakEYoA$w3ePvDTHCYmhY2nePIm6yI9N16rsE/PteqAQZhnzQfw=','professor','https://api.hakush.in/hsr/UI/avatarshopicon/1104.webp','2023-04-26 00:00:00','2023-04-26 00:00:00'),
('112hsr013','Serval','t112hsr013@ntut.org.tw','pbkdf2_sha256$1000000$DGddN5sYTcYsaw8EakEYoA$w3ePvDTHCYmhY2nePIm6yI9N16rsE/PteqAQZhnzQfw=','student','https://api.hakush.in/hsr/UI/avatarshopicon/1103.webp','2023-04-26 00:00:00','2023-04-26 00:00:00'),
('112hsr014','Seele','t112hsr014@ntut.org.tw','pbkdf2_sha256$1000000$DGddN5sYTcYsaw8EakEYoA$w3ePvDTHCYmhY2nePIm6yI9N16rsE/PteqAQZhnzQfw=','professor','https://api.hakush.in/hsr/UI/avatarshopicon/1102.webp','2023-04-26 00:00:00','2023-04-26 00:00:00'),
('112hsr015','Bronya','t112hsr015@ntut.org.tw','pbkdf2_sha256$1000000$DGddN5sYTcYsaw8EakEYoA$w3ePvDTHCYmhY2nePIm6yI9N16rsE/PteqAQZhnzQfw=','student','https://api.hakush.in/hsr/UI/avatarshopicon/1101.webp','2023-04-26 00:00:00','2023-04-26 00:00:00'),
('112hsr016','Herta','t112hsr016@ntut.org.tw','pbkdf2_sha256$1000000$DGddN5sYTcYsaw8EakEYoA$w3ePvDTHCYmhY2nePIm6yI9N16rsE/PteqAQZhnzQfw=','student','https://api.hakush.in/hsr/UI/avatarshopicon/1013.webp','2023-04-26 00:00:00','2023-04-26 00:00:00'),
('112hsr017','Asta','t112hsr017@ntut.org.tw','pbkdf2_sha256$1000000$DGddN5sYTcYsaw8EakEYoA$w3ePvDTHCYmhY2nePIm6yI9N16rsE/PteqAQZhnzQfw=','professor','https://api.hakush.in/hsr/UI/avatarshopicon/1009.webp','2023-04-26 00:00:00','2023-04-26 00:00:00'),
('112hsr018','Arlan','t112hsr018@ntut.org.tw','pbkdf2_sha256$1000000$DGddN5sYTcYsaw8EakEYoA$w3ePvDTHCYmhY2nePIm6yI9N16rsE/PteqAQZhnzQfw=','student','https://api.hakush.in/hsr/UI/avatarshopicon/1008.webp','2023-04-26 00:00:00','2023-04-26 00:00:00'),
('112hsr019','Welt','t112hsr019@ntut.org.tw','pbkdf2_sha256$1000000$DGddN5sYTcYsaw8EakEYoA$w3ePvDTHCYmhY2nePIm6yI9N16rsE/PteqAQZhnzQfw=','professor','https://api.hakush.in/hsr/UI/avatarshopicon/1004.webp','2023-04-26 00:00:00','2023-04-26 00:00:00'),
('112hsr020','Himeko','t112hsr020@ntut.org.tw','pbkdf2_sha256$1000000$DGddN5sYTcYsaw8EakEYoA$w3ePvDTHCYmhY2nePIm6yI9N16rsE/PteqAQZhnzQfw=','student','https://api.hakush.in/hsr/UI/avatarshopicon/1003.webp','2023-04-26 00:00:00','2023-04-26 00:00:00'),
('112hsr021','Dan Heng','t112hsr021@ntut.org.tw','pbkdf2_sha256$1000000$DGddN5sYTcYsaw8EakEYoA$w3ePvDTHCYmhY2nePIm6yI9N16rsE/PteqAQZhnzQfw=','student','https://api.hakush.in/hsr/UI/avatarshopicon/1002.webp','2023-04-26 00:00:00','2023-04-26 00:00:00'),
('112hsr022','March 7th','t112hsr022@ntut.org.tw','pbkdf2_sha256$1000000$DGddN5sYTcYsaw8EakEYoA$w3ePvDTHCYmhY2nePIm6yI9N16rsE/PteqAQZhnzQfw=','student','https://api.hakush.in/hsr/UI/avatarshopicon/1001.webp','2023-04-26 00:00:00','2023-04-26 00:00:00'),
('112hsr023','Jing Yuan','t112hsr023@ntut.org.tw','pbkdf2_sha256$1000000$DGddN5sYTcYsaw8EakEYoA$w3ePvDTHCYmhY2nePIm6yI9N16rsE/PteqAQZhnzQfw=','student','https://api.hakush.in/hsr/UI/avatarshopicon/1204.webp','2023-04-26 00:00:00','2023-04-26 00:00:00'),
('112hsr024','Silver Wolf','t112hsr024@ntut.org.tw','pbkdf2_sha256$1000000$DGddN5sYTcYsaw8EakEYoA$w3ePvDTHCYmhY2nePIm6yI9N16rsE/PteqAQZhnzQfw=','student','https://api.hakush.in/hsr/UI/avatarshopicon/1006.webp','2023-04-26 00:00:00','2023-04-26 00:00:00'),
('112hsr025','Yukong','t112hsr025@ntut.org.tw','pbkdf2_sha256$1000000$DGddN5sYTcYsaw8EakEYoA$w3ePvDTHCYmhY2nePIm6yI9N16rsE/PteqAQZhnzQfw=','student','https://api.hakush.in/hsr/UI/avatarshopicon/1207.webp','2023-04-26 00:00:00','2023-04-26 00:00:00'),
('112hsr026','Luocha','t112hsr026@ntut.org.tw','pbkdf2_sha256$1000000$DGddN5sYTcYsaw8EakEYoA$w3ePvDTHCYmhY2nePIm6yI9N16rsE/PteqAQZhnzQfw=','student','https://api.hakush.in/hsr/UI/avatarshopicon/1203.webp','2023-04-26 00:00:00','2023-04-26 00:00:00'),
('112hsr027','Blade','t112hsr027@ntut.org.tw','pbkdf2_sha256$1000000$DGddN5sYTcYsaw8EakEYoA$w3ePvDTHCYmhY2nePIm6yI9N16rsE/PteqAQZhnzQfw=','student','https://api.hakush.in/hsr/UI/avatarshopicon/1205.webp','2023-04-26 00:00:00','2023-04-26 00:00:00'),
('112hsr028','Luka','t112hsr028@ntut.org.tw','pbkdf2_sha256$1000000$DGddN5sYTcYsaw8EakEYoA$w3ePvDTHCYmhY2nePIm6yI9N16rsE/PteqAQZhnzQfw=','student','https://api.hakush.in/hsr/UI/avatarshopicon/1111.webp','2023-04-26 00:00:00','2023-04-26 00:00:00'),
('112hsr029','Kafka','t112hsr029@ntut.org.tw','pbkdf2_sha256$1000000$DGddN5sYTcYsaw8EakEYoA$w3ePvDTHCYmhY2nePIm6yI9N16rsE/PteqAQZhnzQfw=','student','https://api.hakush.in/hsr/UI/avatarshopicon/1005.webp','2023-04-26 00:00:00','2023-04-26 00:00:00'),
('112hsr030','Jingliu','t112hsr030@ntut.org.tw','pbkdf2_sha256$1000000$DGddN5sYTcYsaw8EakEYoA$w3ePvDTHCYmhY2nePIm6yI9N16rsE/PteqAQZhnzQfw=','student','https://api.hakush.in/hsr/UI/avatarshopicon/1213.webp','2023-04-26 00:00:00','2023-04-26 00:00:00'),
('112hsr031','Fu Xuan','t112hsr031@ntut.org.tw','pbkdf2_sha256$1000000$DGddN5sYTcYsaw8EakEYoA$w3ePvDTHCYmhY2nePIm6yI9N16rsE/PteqAQZhnzQfw=','student','https://api.hakush.in/hsr/UI/avatarshopicon/1208.webp','2023-04-26 00:00:00','2023-04-26 00:00:00'),
('112hsr032','Lynx','t112hsr032@ntut.org.tw','pbkdf2_sha256$1000000$DGddN5sYTcYsaw8EakEYoA$w3ePvDTHCYmhY2nePIm6yI9N16rsE/PteqAQZhnzQfw=','student','https://api.hakush.in/hsr/UI/avatarshopicon/1110.webp','2023-04-26 00:00:00','2023-04-26 00:00:00'),
('112hsr033','Jingliu','t112hsr033@ntut.org.tw','pbkdf2_sha256$1000000$DGddN5sYTcYsaw8EakEYoA$w3ePvDTHCYmhY2nePIm6yI9N16rsE/PteqAQZhnzQfw=','student','https://api.hakush.in/hsr/UI/avatarshopicon/1212.webp','2023-04-26 00:00:00','2023-04-26 00:00:00'),
('112hsr034','Guinaifen','t112hsr034@ntut.org.tw','pbkdf2_sha256$1000000$DGddN5sYTcYsaw8EakEYoA$w3ePvDTHCYmhY2nePIm6yI9N16rsE/PteqAQZhnzQfw=','student','https://api.hakush.in/hsr/UI/avatarshopicon/1210.webp','2023-04-26 00:00:00','2023-04-26 00:00:00'),
('112hsr035','Topaz','t112hsr035@ntut.org.tw','pbkdf2_sha256$1000000$DGddN5sYTcYsaw8EakEYoA$w3ePvDTHCYmhY2nePIm6yI9N16rsE/PteqAQZhnzQfw=','student','https://api.hakush.in/hsr/UI/avatarshopicon/1112.webp','2023-04-26 00:00:00','2023-04-26 00:00:00'),
('112hsr036','HuoHuo','t112hsr036@ntut.org.tw','pbkdf2_sha256$1000000$DGddN5sYTcYsaw8EakEYoA$w3ePvDTHCYmhY2nePIm6yI9N16rsE/PteqAQZhnzQfw=','student','https://api.hakush.in/hsr/UI/avatarshopicon/1217.webp','2023-04-26 00:00:00','2023-04-26 00:00:00'),
('112hsr037','Sparkle','t112hsr037@ntut.org.tw','pbkdf2_sha256$1000000$DGddN5sYTcYsaw8EakEYoA$w3ePvDTHCYmhY2nePIm6yI9N16rsE/PteqAQZhnzQfw=','student','https://api.hakush.in/hsr/UI/avatarshopicon/1302.webp','2023-04-26 00:00:00','2023-04-26 00:00:00'),
('112hsr038','Hanya','t112hsr038@ntut.org.tw','pbkdf2_sha256$1000000$DGddN5sYTcYsaw8EakEYoA$w3ePvDTHCYmhY2nePIm6yI9N16rsE/PteqAQZhnzQfw=','student','https://api.hakush.in/hsr/UI/avatarshopicon/1215.webp','2023-04-26 00:00:00','2023-04-26 00:00:00'),
('112hsr039','Ruan Mei','t112hsr039@ntut.org.tw','pbkdf2_sha256$1000000$DGddN5sYTcYsaw8EakEYoA$w3ePvDTHCYmhY2nePIm6yI9N16rsE/PteqAQZhnzQfw=','student','https://api.hakush.in/hsr/UI/avatarshopicon/1303.webp','2023-04-26 00:00:00','2023-04-26 00:00:00'),
('112hsr040','Xueyi','t112hsr040@ntut.org.tw','pbkdf2_sha256$1000000$DGddN5sYTcYsaw8EakEYoA$w3ePvDTHCYmhY2nePIm6yI9N16rsE/PteqAQZhnzQfw=','student','https://api.hakush.in/hsr/UI/avatarshopicon/1214.webp','2023-04-26 00:00:00','2023-04-26 00:00:00'),
('112hsr041','Dr. Ratio','t112hsr041@ntut.org.tw','pbkdf2_sha256$1000000$DGddN5sYTcYsaw8EakEYoA$w3ePvDTHCYmhY2nePIm6yI9N16rsE/PteqAQZhnzQfw=','student','https://api.hakush.in/hsr/UI/avatarshopicon/1305.webp','2023-04-26 00:00:00','2023-04-26 00:00:00'),
('112hsr042','Black Swan','t112hsr042@ntut.org.tw','pbkdf2_sha256$1000000$DGddN5sYTcYsaw8EakEYoA$w3ePvDTHCYmhY2nePIm6yI9N16rsE/PteqAQZhnzQfw=','student','https://api.hakush.in/hsr/UI/avatarshopicon/1307.webp','2023-04-26 00:00:00','2023-04-26 00:00:00'),
('112hsr043','Firefly','t112hsr043@ntut.org.tw','pbkdf2_sha256$1000000$DGddN5sYTcYsaw8EakEYoA$w3ePvDTHCYmhY2nePIm6yI9N16rsE/PteqAQZhnzQfw=','student','https://api.hakush.in/hsr/UI/avatarshopicon/1306.webp','2023-04-26 00:00:00','2023-04-26 00:00:00'),
('112hsr044','Misha','t112hsr044@ntut.or.tw','pbkdf2_sha256$1000000$DGddN5sYTcYsaw8EakEYoA$w3ePvDTHCYmhY2nePIm6yI9N16rsE/PteqAQZhnzQfw=','student','https://api.hakush.in/hsr/UI/avatarshopicon/1312.webp','2023-04-26 00:00:00','2023-04-26 00:00:00'),
('112hsr045','Aventurine','t112hsr045@ntut.org.tw','pbkdf2_sha256$1000000$DGddN5sYTcYsaw8EakEYoA$w3ePvDTHCYmhY2nePIm6yI9N16rsE/PteqAQZhnzQfw=','student','https://api.hakush.in/hsr/UI/avatarshopicon/1308.webp','2023-04-26 00:00:00','2023-04-26 00:00:00'),
('112hsr046','Gallagher','t112hsr046@ntut.org.tw','pbkdf2_sha256$1000000$DGddN5sYTcYsaw8EakEYoA$w3ePvDTHCYmhY2nePIm6yI9N16rsE/PteqAQZhnzQfw=','student','https://api.hakush.in/hsr/UI/avatarshopicon/1301.webp','2023-04-26 00:00:00','2023-04-26 00:00:00'),
('112hsr047','Sajin','t112hsr047@ntut.org.tw','pbkdf2_sha256$1000000$DGddN5sYTcYsaw8EakEYoA$w3ePvDTHCYmhY2nePIm6yI9N16rsE/PteqAQZhnzQfw=','student','https://api.hakush.in/hsr/UI/avatarshopicon/1304.webp','2023-04-26 00:00:00','2023-04-26 00:00:00'),
('112hsr048','Robin','t112hsr048@ntut.org.tw','pbkdf2_sha256$1000000$DGddN5sYTcYsaw8EakEYoA$w3ePvDTHCYmhY2nePIm6yI9N16rsE/PteqAQZhnzQfw=','student','https://api.hakush.in/hsr/UI/avatarshopicon/1309.webp','2023-04-26 00:00:00','2023-04-26 00:00:00'),
('112hsr049','Boothill','t112hsr049@ntut.org.tw','pbkdf2_sha256$1000000$DGddN5sYTcYsaw8EakEYoA$w3ePvDTHCYmhY2nePIm6yI9N16rsE/PteqAQZhnzQfw=','student','https://api.hakush.in/hsr/UI/avatarshopicon/1315.webp','2023-04-26 00:00:00','2023-04-26 00:00:00'),
('112hsr050','Sparkle','t112hsr050@ntut.org.tw','pbkdf2_sha256$1000000$DGddN5sYTcYsaw8EakEYoA$w3ePvDTHCYmhY2nePIm6yI9N16rsE/PteqAQZhnzQfw=','student','https://api.hakush.in/hsr/UI/avatarshopicon/1310.webp','2023-04-26 00:00:00','2023-04-26 00:00:00'),
('112hsr051','Jade','t112hsr051@ntut.org.tw','pbkdf2_sha256$1000000$DGddN5sYTcYsaw8EakEYoA$w3ePvDTHCYmhY2nePIm6yI9N16rsE/PteqAQZhnzQfw=','student','https://api.hakush.in/hsr/UI/avatarshopicon/1314.webp','2023-04-26 00:00:00','2023-04-26 00:00:00'),
('112hsr052','Yunli','t112hsr052@ntut.org.tw','pbkdf2_sha256$1000000$DGddN5sYTcYsaw8EakEYoA$w3ePvDTHCYmhY2nePIm6yI9N16rsE/PteqAQZhnzQfw=','student','https://api.hakush.in/hsr/UI/avatarshopicon/1221.webp','2023-04-26 00:00:00','2023-04-26 00:00:00'),
('112hsr053','Jiaoqiu','t112hsr053@ntut.org.tw','pbkdf2_sha256$1000000$DGddN5sYTcYsaw8EakEYoA$w3ePvDTHCYmhY2nePIm6yI9N16rsE/PteqAQZhnzQfw=','student','https://api.hakush.in/hsr/UI/avatarshopicon/1218.webp','2023-04-26 00:00:00','2023-04-26 00:00:00'),
('112hsr054','Moze','t112hsr054@ntut.org.tw','pbkdf2_sha256$1000000$DGddN5sYTcYsaw8EakEYoA$w3ePvDTHCYmhY2nePIm6yI9N16rsE/PteqAQZhnzQfw=','student','https://api.hakush.in/hsr/UI/avatarshopicon/1223.webp','2023-04-26 00:00:00','2023-04-26 00:00:00'),
('112hsr055','Feixiao','t112hsr055@ntut.org.tw','pbkdf2_sha256$1000000$DGddN5sYTcYsaw8EakEYoA$w3ePvDTHCYmhY2nePIm6yI9N16rsE/PteqAQZhnzQfw=','student','https://api.hakush.in/hsr/UI/avatarshopicon/1220.webp','2023-04-26 00:00:00','2023-04-26 00:00:00'),
('112hsr056','Lingsha','t112hsr056@ntut.org.tw','pbkdf2_sha256$1000000$DGddN5sYTcYsaw8EakEYoA$w3ePvDTHCYmhY2nePIm6yI9N16rsE/PteqAQZhnzQfw=','student','https://api.hakush.in/hsr/UI/avatarshopicon/1222.webp','2023-04-26 00:00:00','2023-04-26 00:00:00'),
('112hsr057','Luanpo','t112hsr057@ntut.org.tw','pbkdf2_sha256$1000000$DGddN5sYTcYsaw8EakEYoA$w3ePvDTHCYmhY2nePIm6yI9N16rsE/PteqAQZhnzQfw=','student','https://api.hakush.in/hsr/UI/avatarshopicon/1317.webp','2023-04-26 00:00:00','2023-04-26 00:00:00'),
('112hsr058','Sunday','t112hsr058@ntut.org.tw','pbkdf2_sha256$1000000$DGddN5sYTcYsaw8EakEYoA$w3ePvDTHCYmhY2nePIm6yI9N16rsE/PteqAQZhnzQfw=','student','https://api.hakush.in/hsr/UI/avatarshopicon/1313.webp','2023-04-26 00:00:00','2023-04-26 00:00:00'),
('112hsr059','Wangguiren','t112hsr059@ntut.org.tw','pbkdf2_sha256$1000000$DGddN5sYTcYsaw8EakEYoA$w3ePvDTHCYmhY2nePIm6yI9N16rsE/PteqAQZhnzQfw=','student','https://api.hakush.in/hsr/UI/avatarshopicon/1225.webp','2023-04-26 00:00:00','2023-04-26 00:00:00'),
('112hsr060','Black Tower','t112hsr060@ntut.org.tw','pbkdf2_sha256$1000000$DGddN5sYTcYsaw8EakEYoA$w3ePvDTHCYmhY2nePIm6yI9N16rsE/PteqAQZhnzQfw=','student','https://api.hakush.in/hsr/UI/avatarshopicon/1401.webp','2023-04-26 00:00:00','2023-04-26 00:00:00'),
('112hsr061','Aglaia','t112hsr061@ntut.org.tw','pbkdf2_sha256$1000000$DGddN5sYTcYsaw8EakEYoA$w3ePvDTHCYmhY2nePIm6yI9N16rsE/PteqAQZhnzQfw=','student','https://api.hakush.in/hsr/UI/avatarshopicon/1402.webp','2023-04-26 00:00:00','2023-04-26 00:00:00'),
('112hsr062','Tibao','t112hsr062@ntut.org.tw','pbkdf2_sha256$1000000$DGddN5sYTcYsaw8EakEYoA$w3ePvDTHCYmhY2nePIm6yI9N16rsE/PteqAQZhnzQfw=','student','https://api.hakush.in/hsr/UI/avatarshopicon/1403.webp','2023-04-26 00:00:00','2023-04-26 00:00:00'),
('112hsr063','Wandi','t112hsr063@ntut.org.tw','pbkdf2_sha256$1000000$DGddN5sYTcYsaw8EakEYoA$w3ePvDTHCYmhY2nePIm6yI9N16rsE/PteqAQZhnzQfw=','student','https://api.hakush.in/hsr/UI/avatarshopicon/1404.webp','2023-04-26 00:00:00','2023-04-26 00:00:00'),
('112hsr064','Xiadie','t112hsr064@ntut.org.tw','pbkdf2_sha256$1000000$DGddN5sYTcYsaw8EakEYoA$w3ePvDTHCYmhY2nePIm6yI9N16rsE/PteqAQZhnzQfw=','student','https://api.hakush.in/hsr/UI/avatarshopicon/1407.webp','2023-04-26 00:00:00','2023-04-26 00:00:00'),
('112hsr065','Nakesha','t112hsr065@ntut.org.tw','pbkdf2_sha256$1000000$DGddN5sYTcYsaw8EakEYoA$w3ePvDTHCYmhY2nePIm6yI9N16rsE/PteqAQZhnzQfw=','student','https://api.hakush.in/hsr/UI/avatarshopicon/1405.webp','2023-04-26 00:00:00','2023-04-26 00:00:00'),
('112hsr066','Fengjin','t112hsr066@ntut.org.tw','pbkdf2_sha256$1000000$DGddN5sYTcYsaw8EakEYoA$w3ePvDTHCYmhY2nePIm6yI9N16rsE/PteqAQZhnzQfw=','student','https://api.hakush.in/hsr/UI/avatarshopicon/1409.webp','2023-04-26 00:00:00','2023-04-26 00:00:00'),
('112hsr067','Saifeier','t112hsr067@ntut.org.tw','pbkdf2_sha256$1000000$DGddN5sYTcYsaw8EakEYoA$w3ePvDTHCYmhY2nePIm6yI9N16rsE/PteqAQZhnzQfw=','student','https://api.hakush.in/hsr/UI/avatarshopicon/1406.webp','2023-04-26 00:00:00','2023-04-26 00:00:00');


INSERT INTO `projectnest_database`.`myapp_project`
(`project_id`,`title`,`description`,`status`,`is_public`,`create_at`,`update_at`)
VALUES
(1,'Astral Express - Trailblaze','After the Aeon Akivili of "Trailblaze" fell, the followers continue to blaze the trail.','pending','1','2023-04-26 08:00:00','2023-04-26 08:00:00'),
(2,'Stellaron Hunters','A group of people who refuse to be slaves of "Fate".','done','1','2023-04-26 08:00:00','2023-04-26 08:00:00'),
(3,'Xianzhou Alliance','Composed of six Xianzhou ships, carrying out the will of "The Hunt".','pending','1','2023-04-26 08:00:00','2023-04-26 08:00:00'),
(4,'Interastral Rangers','Not all followers of "The Hunt" are enemies of "Abundance", this group has their own code of good and evil.','pending','1','2023-04-26 08:00:00','2023-04-26 08:00:00'),
(5,'The Family','Under the protection of "Harmony", this group of believers comes from different worlds or civilizations.','pending','1','2023-04-26 08:00:00','2023-04-26 08:00:00'),
(6,'Genius Society','Invited by "Erudition", a group exploring the answers of the universe together.','pending','1','2023-04-26 08:00:00','2023-04-26 08:00:00'),
(7,'Intelligentsia Guild','Few can join the "Genius Society", but the "Intelligentsia Guild" accepts anyone who pursues knowledge.','pending','1','2023-04-26 08:00:00','2023-04-26 08:00:00'),
(8,'The Corporation','A conglomerate walking the path of "Preservation", most galactic business is built on it, led by the Ten Stonehearts.','pending','1','2023-04-26 08:00:00','2023-04-26 08:00:00'),
(9,'Garden of Recollection','"Thought is existence", followers of "Remembrance" strive for eternity by preserving memories.','pending','1','2023-04-26 08:00:00','2023-04-26 08:00:00'),
(10,'The Tavern','A motley crew, a group of people who worship "Elation".','pending','1','2023-04-26 08:00:00','2023-04-26 08:00:00'),
(11,'Knights of Beauty','A group who admire classical beauty, following "Beauty" Idrila.','done','1','2023-04-26 08:00:00','2023-04-26 08:00:00'),
(12,'Journey of the Flames','Actions taken by the golden-blooded of Ompalos in pursuit of their goals.','pending','1','2023-04-26 08:00:00','2023-04-26 08:00:00'),
(13,'Fictitious Historians','Followers of "Fictitious", dedicated to erasing correct historical records.','pending','0','2023-04-26 08:00:00','2023-04-26 08:00:00'),
(14,'Herta Space Station','Herta’s collection space station, formed by Herta’s fans.','pending','1','2023-04-26 08:00:00','2023-04-26 08:00:00'),
(15,'Jarilo-VI','A planet frozen due to the influence of the Stellaron.','pending','1','2023-04-26 08:00:00','2023-04-26 08:00:00'),
(16,'Self-Annihilators','Followers of the path of "Nihility".','pending','1','2023-04-26 08:00:00','2023-04-26 08:00:00');

INSERT INTO `projectnest_database`.`myapp_projectuser`
(`id`,`project_id`,`user_id`)
VALUES
(1,1,'112hsr001'),(2,1,'112hsr019'),(3,1,'112hsr020'),(4,1,'112hsr021'),(5,1,'112hsr022'),
(6,2,'112hsr027'),(7,2,'112hsr029'),(8,2,'112hsr024'),(9,2,'112hsr050'),
(10,3,'112hsr002'),(11,3,'112hsr003'),(12,3,'112hsr004'),(13,3,'112hsr005'),(14,3,'112hsr006'),
(15,3,'112hsr023'),(16,3,'112hsr025'),(17,3,'112hsr026'),(18,3,'112hsr030'),(19,3,'112hsr031'),
(20,3,'112hsr033'),(21,3,'112hsr034'),(22,3,'112hsr036'),(23,3,'112hsr038'),(24,3,'112hsr040'),
(25,3,'112hsr052'),(26,3,'112hsr053'),(27,3,'112hsr054'),(28,3,'112hsr055'),(29,3,'112hsr056'),
(30,3,'112hsr059'),
(31,4,'112hsr049'),(32,4,'112hsr057'),
(33,5,'112hsr044'),(34,5,'112hsr046'),(35,5,'112hsr048'),(36,5,'112hsr058'),
(37,6,'112hsr016'),(38,6,'112hsr039'),(39,6,'112hsr060'),
(40,7,'112hsr041'),
(41,8,'112hsr035'),(42,8,'112hsr047'),(43,8,'112hsr051'),
(44,9,'112hsr042'),
(45,10,'112hsr008'),(46,10,'112hsr043'),
(47,11,'112hsr037'),
(48,12,'112hsr001'),(49,12,'112hsr061'),(50,12,'112hsr062'),(51,12,'112hsr063'),(52,12,'112hsr064'),
(53,12,'112hsr065'),(54,12,'112hsr066'),(55,12,'112hsr067'),
(56,13,'112hsr046'),
(57,14,'112hsr016'),(58,14,'112hsr017'),(59,14,'112hsr018'),(60,14,'112hsr060'),
(61,15,'112hsr007'),(62,15,'112hsr008'),(63,15,'112hsr009'),(64,15,'112hsr010'),(65,15,'112hsr011'),
(66,15,'112hsr012'),(67,15,'112hsr013'),(68,15,'112hsr014'),(69,15,'112hsr015'),(70,15,'112hsr028'),
(71,15,'112hsr032'),
(72,16,'112hsr045');


INSERT INTO `projectnest_database`.`myapp_projectprogress`
(`progress_id`,`status`,`estimated_time`,`progress_note`,`create_at`,`update_at`,`project_id`)
VALUES
(1,'in_progress','2023-04-26 13:00:00','Almost done','2023-04-26 08:00:00','2023-04-26 08:00:00',1),
(2,'in_progress','2023-04-26 11:00:00','In progress','2023-04-26 08:00:00','2023-04-26 08:00:00',4),
(3,'in_progress','2023-04-26 10:00:00','In progress','2023-04-26 08:00:00','2023-04-26 08:00:00',7),
(4,'in_progress','2023-04-26 12:00:00','In progress','2023-04-26 08:00:00','2023-04-26 08:00:00',8),
(5,'in_progress','2023-04-26 09:00:00','In progress','2023-04-26 08:00:00','2023-04-26 08:00:00',13),
(6,'in_progress','2023-04-26 14:00:00','In progress','2023-04-26 08:00:00','2023-04-26 08:00:00',14),
(7,'in_progress','2023-04-26 15:00:00','In progress','2023-04-26 08:00:00','2023-04-26 08:00:00',11),
(8,'in_progress','2023-04-26 16:00:00','In progress','2023-04-26 08:00:00','2023-04-26 08:00:00',12),
(9,'in_progress','2023-04-26 09:00:00','In progress','2023-04-26 08:00:00','2023-04-26 08:00:00',5),
(10,'in_progress','2023-04-26 17:00:00','In progress','2023-04-26 08:00:00','2023-04-26 08:00:00',9),
(11,'in_progress','2023-04-26 18:00:00','In progress','2023-04-26 08:00:00','2023-04-26 08:00:00',10),
(12,'in_progress','2023-04-26 19:00:00','In progress','2023-04-26 08:00:00','2023-04-26 08:00:00',16),
(13,'in_progress','2023-04-26 08:00:00','In progress','2023-04-26 08:00:00','2023-04-26 08:00:00',15),
(14,'in_progress','2023-04-26 08:00:00','In progress','2023-04-26 08:00:00','2023-04-26 08:00:00',3),
(15,'in_progress','2023-04-26 08:00:00','In progress','2023-04-26 08:00:00','2023-04-26 08:00:00',6),
(16,'in_progress','2023-04-26 08:00:00','In progress','2023-04-26 08:00:00','2023-04-26 08:00:00',2);

INSERT INTO `projectnest_database`.`myapp_comment`
(`comment_id`,`content`,`create_at`,`update_at`,`progress_id`,`user_id`)
VALUES
(1,'Requesting assistance','2023-04-26 08:00:00','2023-04-26 08:00:00',1,'112hsr001'),
(2,'What is this','2023-04-26 08:00:00','2023-04-26 08:00:00',4,'112hsr019'),
(3,'Dont understand','2023-04-26 08:00:00','2023-04-26 08:00:00',7,'112hsr020'),
(4,'I dont know','2023-04-26 08:00:00','2023-04-26 08:00:00',8,'112hsr021'),
(5,'Very familiar','2023-04-26 08:00:00','2023-04-26 08:00:00',13,'112hsr022'),
(6,'look in my eyes','2023-04-26 08:00:00','2023-04-26 08:00:00',14,'112hsr027'),
(7,'tell me','2023-04-26 08:00:00','2023-04-26 08:00:00',11,'112hsr029'),
(8,'Alienation','2023-04-26 08:00:00','2023-04-26 08:00:00',12,'112hsr024'),
(9,'Materialization','2023-04-26 08:00:00','2023-04-26 08:00:00',5,'112hsr050'),
(10,'Dad got MVP','2023-04-26 08:00:00','2023-04-26 08:00:00',9,'112hsr002'),
(11,'Carry the game','2023-04-26 08:00:00','2023-04-26 08:00:00',10,'112hsr003'),
(12,'I will solve you','2023-04-26 08:00:00','2023-04-26 08:00:00',16,'112hsr004'),
(13,'Hack my power','2023-04-26 08:00:00','2023-04-26 08:00:00',15,'112hsr005'),
(14,'mygo','2023-04-26 08:00:00','2023-04-26 08:00:00',3,'112hsr006'),
(15,'Im super cold','2023-04-26 08:00:00','2023-04-26 08:00:00',6,'112hsr023'),
(16,'Sunny green grapes','2023-04-26 08:00:00','2023-04-26 08:00:00',2,'112hsr025');