INSERT INTO `projectnest_database`.`myapp_user`
(`user_id`,`name`,`email`,`password`,`role`,`image_url`,`create_at`,`update_at`)
VALUES
('112hsr001','開拓者','t112hsr001@ntut.org.tw','123','student','https://api.hakush.in/hsr/UI/avatarshopicon/8002.webp','2023-04-26 08:00:00','2023-04-26 08:00:00'),
('112hsr002','白露','t112hsr002@ntut.org.tw','123','professor','https://api.hakush.in/hsr/UI/avatarshopicon/1211.webp','2023-04-26 00:00:00','2023-04-26 00:00:00'),
('112hsr003','燕卿','t112hsr003@ntut.org.tw','123','student','https://api.hakush.in/hsr/UI/avatarshopicon/1209.webp','2023-04-26 00:00:00','2023-04-26 00:00:00'),
('112hsr004','素裳','t112hsr004@ntut.org.tw','123','student','https://api.hakush.in/hsr/UI/avatarshopicon/1206.webp','2023-04-26 00:00:00','2023-04-26 00:00:00'),
('112hsr005','停雲','t112hsr005@ntut.org.tw','123','professor','https://api.hakush.in/hsr/UI/avatarshopicon/1202.webp','2023-04-26 00:00:00','2023-04-26 00:00:00'),
('112hsr006','青雀','t112hsr006@ntut.org.tw','123','student','https://api.hakush.in/hsr/UI/avatarshopicon/1201.webp','2023-04-26 00:00:00','2023-04-26 00:00:00'),
('112hsr007','虎克','t112hsr007@ntut.org.tw','123','student','https://api.hakush.in/hsr/UI/avatarshopicon/1109.webp','2023-04-26 00:00:00','2023-04-26 00:00:00'),
('112hsr008','桑博','t112hsr008@ntut.org.tw','123','student','https://api.hakush.in/hsr/UI/avatarshopicon/1108.webp','2023-04-26 00:00:00','2023-04-26 00:00:00'),
('112hsr009','克拉拉','t112hsr009@ntut.org.tw','123','professor','https://api.hakush.in/hsr/UI/avatarshopicon/1107.webp','2023-04-26 00:00:00','2023-04-26 00:00:00'),
('112hsr010','佩拉','t112hsr010@ntut.org.tw','123','student','https://api.hakush.in/hsr/UI/avatarshopicon/1106.webp','2023-04-26 00:00:00','2023-04-26 00:00:00'),
('112hsr011','娜塔莎','t112hsr011@ntut.org.tw','123','student','https://api.hakush.in/hsr/UI/avatarshopicon/1105.webp','2023-04-26 00:00:00','2023-04-26 00:00:00'),
('112hsr012','傑帕德','t112hsr012@ntut.org.tw','123','professor','https://api.hakush.in/hsr/UI/avatarshopicon/1104.webp','2023-04-26 00:00:00','2023-04-26 00:00:00'),
('112hsr013','希露瓦','t112hsr013@ntut.org.tw','123','student','https://api.hakush.in/hsr/UI/avatarshopicon/1103.webp','2023-04-26 00:00:00','2023-04-26 00:00:00'),
('112hsr014','希兒','t112hsr014@ntut.org.tw','123','professor','https://api.hakush.in/hsr/UI/avatarshopicon/1102.webp','2023-04-26 00:00:00','2023-04-26 00:00:00'),
('112hsr015','布洛尼亞','t112hsr015@ntut.org.tw','123','student','https://api.hakush.in/hsr/UI/avatarshopicon/1101.webp','2023-04-26 00:00:00','2023-04-26 00:00:00'),
('112hsr016','黑塔','t112hsr016@ntut.org.tw','123','student','https://api.hakush.in/hsr/UI/avatarshopicon/1013.webp','2023-04-26 00:00:00','2023-04-26 00:00:00'),
('112hsr017','艾斯妲','t112hsr017@ntut.org.tw','123','professor','https://api.hakush.in/hsr/UI/avatarshopicon/1009.webp','2023-04-26 00:00:00','2023-04-26 00:00:00'),
('112hsr018','阿蘭','t112hsr018@ntut.org.tw','123','student','https://api.hakush.in/hsr/UI/avatarshopicon/1008.webp','2023-04-26 00:00:00','2023-04-26 00:00:00'),
('112hsr019','瓦爾特','t112hsr019@ntut.org.tw','123','professor','https://api.hakush.in/hsr/UI/avatarshopicon/1004.webp','2023-04-26 00:00:00','2023-04-26 00:00:00'),
('112hsr020','姬子','t112hsr020@ntut.org.tw','123','student','https://api.hakush.in/hsr/UI/avatarshopicon/1003.webp','2023-04-26 00:00:00','2023-04-26 00:00:00'),
('112hsr021','丹恒','t112hsr021@ntut.org.tw','123','student','https://api.hakush.in/hsr/UI/avatarshopicon/1002.webp','2023-04-26 00:00:00','2023-04-26 00:00:00'),
('112hsr022','三月七','t112hsr022@ntut.org.tw','123','student','https://api.hakush.in/hsr/UI/avatarshopicon/1001.webp','2023-04-26 00:00:00','2023-04-26 00:00:00'),
('112hsr023','景元','t112hsr023@ntut.org.tw','123','student','https://api.hakush.in/hsr/UI/avatarshopicon/1204.webp','2023-04-26 00:00:00','2023-04-26 00:00:00'),
('112hsr024','銀狼','t112hsr024@ntut.org.tw','123','student','https://api.hakush.in/hsr/UI/avatarshopicon/1006.webp','2023-04-26 00:00:00','2023-04-26 00:00:00'),
('112hsr025','馭空','t112hsr025@ntut.org.tw','123','student','https://api.hakush.in/hsr/UI/avatarshopicon/1207.webp','2023-04-26 00:00:00','2023-04-26 00:00:00'),
('112hsr026','羅剎','t112hsr026@ntut.org.tw','123','student','https://api.hakush.in/hsr/UI/avatarshopicon/1203.webp','2023-04-26 00:00:00','2023-04-26 00:00:00'),
('112hsr027','刃','t112hsr027@ntut.org.tw','123','student','https://api.hakush.in/hsr/UI/avatarshopicon/1205.webp','2023-04-26 00:00:00','2023-04-26 00:00:00'),
('112hsr028','盧卡','t112hsr028@ntut.org.tw','123','student','https://api.hakush.in/hsr/UI/avatarshopicon/1111.webp','2023-04-26 00:00:00','2023-04-26 00:00:00'),
('112hsr029','卡芙卡','t112hsr029@ntut.org.tw','123','student','https://api.hakush.in/hsr/UI/avatarshopicon/1005.webp','2023-04-26 00:00:00','2023-04-26 00:00:00'),
('112hsr030','飲月','t112hsr030@ntut.org.tw','123','student','https://api.hakush.in/hsr/UI/avatarshopicon/1213.webp','2023-04-26 00:00:00','2023-04-26 00:00:00'),
('112hsr031','符玄','t112hsr031@ntut.org.tw','123','student','https://api.hakush.in/hsr/UI/avatarshopicon/1208.webp','2023-04-26 00:00:00','2023-04-26 00:00:00'),
('112hsr032','玲可','t112hsr032@ntut.org.tw','123','student','https://api.hakush.in/hsr/UI/avatarshopicon/1110.webp','2023-04-26 00:00:00','2023-04-26 00:00:00'),
('112hsr033','鏡流','t112hsr033@ntut.org.tw','123','student','https://api.hakush.in/hsr/UI/avatarshopicon/1212.webp','2023-04-26 00:00:00','2023-04-26 00:00:00'),
('112hsr034','桂乃芬','t112hsr034@ntut.org.tw','123','student','https://api.hakush.in/hsr/UI/avatarshopicon/1210.webp','2023-04-26 00:00:00','2023-04-26 00:00:00'),
('112hsr035','托帕','t112hsr035@ntut.org.tw','123','student','https://api.hakush.in/hsr/UI/avatarshopicon/1112.webp','2023-04-26 00:00:00','2023-04-26 00:00:00'),
('112hsr036','霍霍','t112hsr036@ntut.org.tw','123','student','https://api.hakush.in/hsr/UI/avatarshopicon/1217.webp','2023-04-26 00:00:00','2023-04-26 00:00:00'),
('112hsr037','銀枝','t112hsr037@ntut.org.tw','123','student','https://api.hakush.in/hsr/UI/avatarshopicon/1302.webp','2023-04-26 00:00:00','2023-04-26 00:00:00'),
('112hsr038','寒鴨','t112hsr038@ntut.org.tw','123','student','https://api.hakush.in/hsr/UI/avatarshopicon/1215.webp','2023-04-26 00:00:00','2023-04-26 00:00:00'),
('112hsr039','阮梅','t112hsr039@ntut.org.tw','123','student','https://api.hakush.in/hsr/UI/avatarshopicon/1303.webp','2023-04-26 00:00:00','2023-04-26 00:00:00'),
('112hsr040','雪衣','t112hsr040@ntut.org.tw','123','student','https://api.hakush.in/hsr/UI/avatarshopicon/1214.webp','2023-04-26 00:00:00','2023-04-26 00:00:00'),
('112hsr041','真理醫生','t112hsr041@ntut.org.tw','123','student','https://api.hakush.in/hsr/UI/avatarshopicon/1305.webp','2023-04-26 00:00:00','2023-04-26 00:00:00'),
('112hsr042','黑天鵝','t112hsr042@ntut.org.tw','123','student','https://api.hakush.in/hsr/UI/avatarshopicon/1307.webp','2023-04-26 00:00:00','2023-04-26 00:00:00'),
('112hsr043','花火','t112hsr043@ntut.org.tw','123','student','https://api.hakush.in/hsr/UI/avatarshopicon/1306.webp','2023-04-26 00:00:00','2023-04-26 00:00:00'),
('112hsr044','米沙','t112hsr044@ntut.or.tw','123','student','https://api.hakush.in/hsr/UI/avatarshopicon/1312.webp','2023-04-26 00:00:00','2023-04-26 00:00:00'),
('112hsr045','黃泉','t112hsr045@ntut.org.tw','123','student','https://api.hakush.in/hsr/UI/avatarshopicon/1308.webp','2023-04-26 00:00:00','2023-04-26 00:00:00'),
('112hsr046','加拉赫','t112hsr046@ntut.org.tw','123','student','https://api.hakush.in/hsr/UI/avatarshopicon/1301.webp','2023-04-26 00:00:00','2023-04-26 00:00:00'),
('112hsr047','砂金','t112hsr047@ntut.org.tw','123','student','https://api.hakush.in/hsr/UI/avatarshopicon/1304.webp','2023-04-26 00:00:00','2023-04-26 00:00:00'),
('112hsr048','知更鳥','t112hsr048@ntut.org.tw','123','student','https://api.hakush.in/hsr/UI/avatarshopicon/1309.webp','2023-04-26 00:00:00','2023-04-26 00:00:00'),
('112hsr049','波提歐','t112hsr049@ntut.org.tw','123','student','https://api.hakush.in/hsr/UI/avatarshopicon/1315.webp','2023-04-26 00:00:00','2023-04-26 00:00:00'),
('112hsr050','流螢','t112hsr050@ntut.org.tw','123','student','https://api.hakush.in/hsr/UI/avatarshopicon/1310.webp','2023-04-26 00:00:00','2023-04-26 00:00:00'),
('112hsr051','翡翠','t112hsr051@ntut.org.tw','123','student','https://api.hakush.in/hsr/UI/avatarshopicon/1314.webp','2023-04-26 00:00:00','2023-04-26 00:00:00'),
('112hsr052','雲璃','t112hsr052@ntut.org.tw','123','student','https://api.hakush.in/hsr/UI/avatarshopicon/1221.webp','2023-04-26 00:00:00','2023-04-26 00:00:00'),
('112hsr053','椒丘','t112hsr053@ntut.org.tw','123','student','https://api.hakush.in/hsr/UI/avatarshopicon/1218.webp','2023-04-26 00:00:00','2023-04-26 00:00:00'),
('112hsr054','貘澤','t112hsr054@ntut.org.tw','123','student','https://api.hakush.in/hsr/UI/avatarshopicon/1223.webp','2023-04-26 00:00:00','2023-04-26 00:00:00'),
('112hsr055','飛霄','t112hsr055@ntut.org.tw','123','student','https://api.hakush.in/hsr/UI/avatarshopicon/1220.webp','2023-04-26 00:00:00','2023-04-26 00:00:00'),
('112hsr056','靈砂','t112hsr056@ntut.org.tw','123','student','https://api.hakush.in/hsr/UI/avatarshopicon/1222.webp','2023-04-26 00:00:00','2023-04-26 00:00:00'),
('112hsr057','亂破','t112hsr057@ntut.org.tw','123','student','https://api.hakush.in/hsr/UI/avatarshopicon/1317.webp','2023-04-26 00:00:00','2023-04-26 00:00:00'),
('112hsr058','星期日','t112hsr058@ntut.org.tw','123','student','https://api.hakush.in/hsr/UI/avatarshopicon/1313.webp','2023-04-26 00:00:00','2023-04-26 00:00:00'),
('112hsr059','忘歸人','t112hsr059@ntut.org.tw','123','student','https://api.hakush.in/hsr/UI/avatarshopicon/1225.webp','2023-04-26 00:00:00','2023-04-26 00:00:00'),
('112hsr060','大黑塔','t112hsr060@ntut.org.tw','123','student','https://api.hakush.in/hsr/UI/avatarshopicon/1401.webp','2023-04-26 00:00:00','2023-04-26 00:00:00'),
('112hsr061','阿格萊雅','t112hsr061@ntut.org.tw','123','student','https://api.hakush.in/hsr/UI/avatarshopicon/1402.webp','2023-04-26 00:00:00','2023-04-26 00:00:00'),
('112hsr062','提寶','t112hsr062@ntut.org.tw','123','student','https://api.hakush.in/hsr/UI/avatarshopicon/1403.webp','2023-04-26 00:00:00','2023-04-26 00:00:00'),
('112hsr063','萬敵','t112hsr063@ntut.org.tw','123','student','https://api.hakush.in/hsr/UI/avatarshopicon/1404.webp','2023-04-26 00:00:00','2023-04-26 00:00:00'),
('112hsr064','霞蝶','t112hsr064@ntut.org.tw','123','student','https://api.hakush.in/hsr/UI/avatarshopicon/1407.webp','2023-04-26 00:00:00','2023-04-26 00:00:00'),
('112hsr065','那刻夏','t112hsr065@ntut.org.tw','123','student','https://api.hakush.in/hsr/UI/avatarshopicon/1405.webp','2023-04-26 00:00:00','2023-04-26 00:00:00'),
('112hsr066','風堇','t112hsr066@ntut.org.tw','123','student','https://api.hakush.in/hsr/UI/avatarshopicon/1409.webp','2023-04-26 00:00:00','2023-04-26 00:00:00'),
('112hsr067','賽飛兒','t112hsr067@ntut.org.tw','123','student','https://api.hakush.in/hsr/UI/avatarshopicon/1406.webp','2023-04-26 00:00:00','2023-04-26 00:00:00');



INSERT INTO `projectnest_database`.`myapp_project`
(`project_id`,`title`,`description`,`status`,`is_public`,`create_at`,`update_at`)
VALUES
(1,'星穹列車-開拓','「開拓」的星神阿基維利隕落後，繼續開拓的追隨者','pending','1','2023-04-26 08:00:00','2023-04-26 08:00:00'),
(2,'星核獵手','不做「命運」的奴隸的一群人','done','1','2023-04-26 08:00:00','2023-04-26 08:00:00'),
(3,'仙舟聯盟','由六艘仙舟組成，行踐著「巡獵」的意志','pending','1','2023-04-26 08:00:00','2023-04-26 08:00:00'),
(4,'巡海遊俠','並非所有「巡獵」的命途行者都與「豐饒」有仇，而這群自成一套善惡','pending','1','2023-04-26 08:00:00','2023-04-26 08:00:00'),
(5,'家族','在「同協」的庇護下，祂的信徒組的團體，分別來自不同的世界或文明','pending','1','2023-04-26 08:00:00','2023-04-26 08:00:00'),
(6,'天才俱樂部','受「智識」的邀請，一同加入探索宇宙答案的團體','pending','1','2023-04-26 08:00:00','2023-04-26 08:00:00'),
(7,'博識學會','能夠擠身「天才俱樂部」少之又少，而「博識學會」從不挑剔、廣泛地的接納任何追求博識的人','pending','1','2023-04-26 08:00:00','2023-04-26 08:00:00'),
(8,'公司','一個行進於「存護」的財團，全銀河絕大部分的商業行為建立於此，由石心十人領導','pending','1','2023-04-26 08:00:00','2023-04-26 08:00:00'),
(9,'流光憶庭','「思維即是存在」，「記憶」的命途行者們致力於透過保存記憶實現長存','pending','1','2023-04-26 08:00:00','2023-04-26 08:00:00'),
(10,'酒館','魚龍混雜，信奉於「歡愉」的一群人','pending','1','2023-04-26 08:00:00','2023-04-26 08:00:00'),
(11,'純美騎士團','崇尚古典美的一群人，追隨著「純美」伊德莉拉','done','1','2023-04-26 08:00:00','2023-04-26 08:00:00'),
(12,'逐火之旅','由翁法羅斯的黃金裔們一同追尋的目標而做出的行動','pending','1','2023-04-26 08:00:00','2023-04-26 08:00:00'),
(13,'虛構史學家','「虛構」的信徒們，致力於抹消正確的歷史紀錄','pending','0','2023-04-26 08:00:00','2023-04-26 08:00:00'),
(14,'黑塔空間站','黑塔的收藏空間站，由黑塔的粉絲組成','pending','1','2023-04-26 08:00:00','2023-04-26 08:00:00'),
(15,'雅利洛-VI','受星核的影響陷入冰封的星球','pending','1','2023-04-26 08:00:00','2023-04-26 08:00:00'),
(16,'自滅者','「虛無」的命途行者','pending','1','2023-04-26 08:00:00','2023-04-26 08:00:00');

INSERT INTO `projectnest_database`.`myapp_projectuser`
(`id`,`project_id`,`user_id`)
VALUES
(1,1,'112hsr001'),(2,1,'112hsr019'),(3,1,'112hsr020'),(4,1,'112hsr021'),(5,1,'112hsr022'),
(6,2,'112hsr027'),(7,2,'112hsr029'),(8,2,'112hsr024'),(9,2,'112hsr050'),
(10,3,'112hsr002'),(11,3,'112hsr003'),(12,3,'112hsr004'),(13,3,'112hsr005'),(14,3,'112hsr006'),
(15,3,'112hsr023'),(16,3,'112hsr025'),(17,3,'112hsr026'),(18,3,'112hsr030'),(19,3,'112hsr031'),
(20,3,'112hsr033'),(21,3,'112hsr034'),(22,3,'112hsr036'),(23,3,'112hsr038'),(24,3,'112hsr040'),
(25,3,'112hsr052'),(26,3,'112hsr053'),(27,3,'112hsr054'),(28,3,'112hsr055'),(29,3,'112hsr056'),
(30,3,'112hsr059'),
(31,4,'112hsr049'),(32,4,'112hsr057'),
(33,5,'112hsr044'),(34,5,'112hsr046'),(35,5,'112hsr048'),(36,5,'112hsr058'),
(37,6,'112hsr016'),(38,6,'112hsr039'),(39,6,'112hsr060'),
(40,7,'112hsr041'),
(41,8,'112hsr035'),(42,8,'112hsr047'),(43,8,'112hsr051'),
(44,9,'112hsr042'),
(45,10,'112hsr008'),(46,10,'112hsr043'),
(47,11,'112hsr037'),
(48,12,'112hsr001'),(49,12,'112hsr061'),(50,12,'112hsr062'),(51,12,'112hsr063'),(52,12,'112hsr064'),
(53,12,'112hsr065'),(54,12,'112hsr066'),(55,12,'112hsr067'),
(56,13,'112hsr046'),
(57,14,'112hsr016'),(58,14,'112hsr017'),(59,14,'112hsr018'),(60,14,'112hsr060'),
(61,15,'112hsr007'),(62,15,'112hsr008'),(63,15,'112hsr009'),(64,15,'112hsr010'),(65,15,'112hsr011'),
(66,15,'112hsr012'),(67,15,'112hsr013'),(68,15,'112hsr014'),(69,15,'112hsr015'),(70,15,'112hsr028'),
(71,15,'112hsr032'),
(72,16,'112hsr045');


INSERT INTO `projectnest_database`.`myapp_projectprogress`
(`progress_id`,`status`,`estimated_time`,`progress_note`,`create_at`,`update_at`,`project_id`)
VALUES
(1,'進行中','2023-04-26 13:00:00','快好了','2023-04-26 08:00:00','2023-04-26 08:00:00',1),
(2,'進行中','2023-04-26 11:00:00','進行中','2023-04-26 08:00:00','2023-04-26 08:00:00',4),
(3,'進行中','2023-04-26 10:00:00','進行中','2023-04-26 08:00:00','2023-04-26 08:00:00',7),
(4,'進行中','2023-04-26 12:00:00','進行中','2023-04-26 08:00:00','2023-04-26 08:00:00',8),
(5,'進行中','2023-04-26 09:00:00','進行中','2023-04-26 08:00:00','2023-04-26 08:00:00',13),
(6,'進行中','2023-04-26 14:00:00','進行中','2023-04-26 08:00:00','2023-04-26 08:00:00',14),
(7,'進行中','2023-04-26 15:00:00','進行中','2023-04-26 08:00:00','2023-04-26 08:00:00',11),
(8,'進行中','2023-04-26 16:00:00','進行中','2023-04-26 08:00:00','2023-04-26 08:00:00',12),
(9,'進行中','2023-04-26 09:00:00','進行中','2023-04-26 08:00:00','2023-04-26 08:00:00',5),
(10,'進行中','2023-04-26 17:00:00','進行中','2023-04-26 08:00:00','2023-04-26 08:00:00',9),
(11,'進行中','2023-04-26 18:00:00','進行中','2023-04-26 08:00:00','2023-04-26 08:00:00',10),
(12,'進行中','2023-04-26 19:00:00','進行中','2023-04-26 08:00:00','2023-04-26 08:00:00',16),
(13,'進行中','2023-04-26 08:00:00','進行中','2023-04-26 08:00:00','2023-04-26 08:00:00',15),
(14,'進行中','2023-04-26 08:00:00','進行中','2023-04-26 08:00:00','2023-04-26 08:00:00',3),
(15,'進行中','2023-04-26 08:00:00','進行中','2023-04-26 08:00:00','2023-04-26 08:00:00',6),
(16,'進行中','2023-04-26 08:00:00','進行中','2023-04-26 08:00:00','2023-04-26 08:00:00',2);

INSERT INTO `projectnest_database`.`myapp_comment`
(`comment_id`,`content`,`create_at`,`update_at`,`progress_id`,`user_id`)
VALUES
(1,'情求協助','2023-04-26 08:00:00','2023-04-26 08:00:00',1,'112hsr001'),
(2,'這啥','2023-04-26 08:00:00','2023-04-26 08:00:00',4,'112hsr019'),
(3,'看不懂','2023-04-26 08:00:00','2023-04-26 08:00:00',7,'112hsr020'),
(4,'我不知道','2023-04-26 08:00:00','2023-04-26 08:00:00',8,'112hsr021'),
(5,'老熟了','2023-04-26 08:00:00','2023-04-26 08:00:00',13,'112hsr022'),
(6,'look in my eyes','2023-04-26 08:00:00','2023-04-26 08:00:00',14,'112hsr027'),
(7,'tell me','2023-04-26 08:00:00','2023-04-26 08:00:00',11,'112hsr029'),
(8,'異化','2023-04-26 08:00:00','2023-04-26 08:00:00',12,'112hsr024'),
(9,'具體化','2023-04-26 08:00:00','2023-04-26 08:00:00',5,'112hsr050'),
(10,'老爸得了MVP','2023-04-26 08:00:00','2023-04-26 08:00:00',9,'112hsr002'),
(11,'carry局','2023-04-26 08:00:00','2023-04-26 08:00:00',10,'112hsr003'),
(12,'就解決你呀','2023-04-26 08:00:00','2023-04-26 08:00:00',16,'112hsr004'),
(13,'駭死我力','2023-04-26 08:00:00','2023-04-26 08:00:00',15,'112hsr005'),
(14,'mygo','2023-04-26 08:00:00','2023-04-26 08:00:00',3,'112hsr006'),
(15,'我超冰','2023-04-26 08:00:00','2023-04-26 08:00:00',6,'112hsr023'),
(16,'陽光青提','2023-04-26 08:00:00','2023-04-26 08:00:00',2,'112hsr025');
